Topic ID,Category,Topic Name,Prerequisite ID(s),Mastery Threshold (%),Resource Title,Video ID,Channel,Start Time,End Time,Start Time (seconds),End Time (seconds),Timestamp Link,Resource Type,Verification Status
Q01,Quantitative Aptitude,Number System,,80,CUET GAT Preparation 2026 | Complete Quantitative Aptitude in One Shot | CUET Manzil Part 01,A2hWHIv-ZPw,CUET Manzil,43:26,95:28,2606,5728,https://www.youtube.com/watch?v=A2hWHIv-ZPw&t=2606s,Concept + practice,CHAPTER_METADATA_ONLY — MANUAL_VERIFY_REQUIRED
Q02,Quantitative Aptitude,Basic Algebra,,80,Complete CUET Quantitative Aptitude in One Shot | Nichod Series | CUET GAT 2026,UwoPXCd8sVI,Adda247 CUET,295:25,310:43,17725,18643,https://www.youtube.com/watch?v=UwoPXCd8sVI&t=17725s,Concept + practice,CHAPTER_METADATA_ONLY — MANUAL_VERIFY_REQUIRED
Q03,Quantitative Aptitude,Basic Geometry,,80,CUET GAT Preparation 2026 | Complete Quantitative Aptitude in One Shot | CUET Manzil Part 01,A2hWHIv-ZPw,CUET Manzil,215:00,270:15,12900,16215,https://www.youtube.com/watch?v=A2hWHIv-ZPw&t=12900s,Geometry / mensuration foundation,CHAPTER_METADATA_ONLY — MANUAL_VERIFY_REQUIRED
Q04,Quantitative Aptitude,Percentages,,80,Complete CUET Quantitative Aptitude in One Shot | Nichod Series | CUET GAT 2026,UwoPXCd8sVI,Adda247 CUET,82:08,99:53,4928,5993,https://www.youtube.com/watch?v=UwoPXCd8sVI&t=4928s,Concept + practice,CHAPTER_METADATA_ONLY — MANUAL_VERIFY_REQUIRED
Q05,Quantitative Aptitude,Ratio and Proportion,,80,Complete CUET Quantitative Aptitude in One Shot | Nichod Series | CUET GAT 2026,UwoPXCd8sVI,Adda247 CUET,133:51,164:26,8031,9866,https://www.youtube.com/watch?v=UwoPXCd8sVI&t=8031s,Concept + practice,CHAPTER_METADATA_ONLY — MANUAL_VERIFY_REQUIRED
Q06,Quantitative Aptitude,Averages,,80,Complete CUET Quantitative Aptitude in One Shot | Nichod Series | CUET GAT 2026,UwoPXCd8sVI,Adda247 CUET,212:43,266:57,12763,16017,https://www.youtube.com/watch?v=UwoPXCd8sVI&t=12763s,Concept + practice,CHAPTER_METADATA_ONLY — MANUAL_VERIFY_REQUIRED
Q07,Quantitative Aptitude,Profit and Loss,Q04,75,Complete CUET Quantitative Aptitude in One Shot | Nichod Series | CUET GAT 2026,UwoPXCd8sVI,Adda247 CUET,99:53,115:12,5993,6912,https://www.youtube.com/watch?v=UwoPXCd8sVI&t=5993s,Concept + practice,CHAPTER_METADATA_ONLY — MANUAL_VERIFY_REQUIRED
Q08,Quantitative Aptitude,Simple and Compound Interest,Q04,75,Complete CUET Quantitative Aptitude in One Shot | Nichod Series | CUET GAT 2026,UwoPXCd8sVI,Adda247 CUET,115:12,133:51,6912,8031,https://www.youtube.com/watch?v=UwoPXCd8sVI&t=6912s,Concept + practice,CHAPTER_METADATA_ONLY — MANUAL_VERIFY_REQUIRED
Q09,Quantitative Aptitude,Time and Work,"Q01, Q05",75,CUET GAT Preparation 2026 | Complete Quantitative Aptitude in One Shot | CUET Manzil Part 01,A2hWHIv-ZPw,CUET Manzil,171:00,215:00,10260,12900,https://www.youtube.com/watch?v=A2hWHIv-ZPw&t=10260s,Concept + practice,CHAPTER_METADATA_ONLY — MANUAL_VERIFY_REQUIRED
Q10,Quantitative Aptitude,"Time, Speed and Distance","Q02, Q05",75,Complete CUET Quantitative Aptitude in One Shot | Nichod Series | CUET GAT 2026,UwoPXCd8sVI,Adda247 CUET,183:01,212:43,10981,12763,https://www.youtube.com/watch?v=UwoPXCd8sVI&t=10981s,Concept + practice,CHAPTER_METADATA_ONLY — MANUAL_VERIFY_REQUIRED
Q11,Quantitative Aptitude,Mensuration (2D and 3D),"Q01, Q03",75,CUET GAT Preparation 2026 | Complete Quantitative Aptitude in One Shot | CUET Manzil Part 01,A2hWHIv-ZPw,CUET Manzil,215:00,295:03,12900,17703,https://www.youtube.com/watch?v=A2hWHIv-ZPw&t=12900s,Mensuration 2D + 3D,CHAPTER_METADATA_ONLY — MANUAL_VERIFY_REQUIRED
Q12,Quantitative Aptitude,Data Interpretation,"Q04, Q05, Q06",70,Data Interpretation | One Shot | GAT | CUET 2026,6M2ji6agoLI,Deeceeline CUET,0:00,,0,,https://www.youtube.com/watch?v=6M2ji6agoLI&t=0s,Concept + practice,VIDEO_MATCHED — MANUAL_TIMESTAMP_VERIFY_REQUIRED
L01,Logical & Analytical Reasoning,Number and Alphabet Series,Q01,80,CUET GAT Preparation 2026 | Complete Reasoning in One Shot | CUET Nichod Series,luiCb-OhzRM,Adda247 CUET,34:32,55:02,2072,3302,https://www.youtube.com/watch?v=luiCb-OhzRM&t=2072s,Series,CHAPTER_METADATA_ONLY — MANUAL_VERIFY_REQUIRED
L02,Logical & Analytical Reasoning,Coding and Decoding,L01,80,CUET GAT Preparation 2026 | Complete Reasoning in One Shot | CUET Nichod Series,luiCb-OhzRM,Adda247 CUET,147:02,161:21,8822,9681,https://www.youtube.com/watch?v=luiCb-OhzRM&t=8822s,Coding-Decoding,CHAPTER_METADATA_ONLY — MANUAL_VERIFY_REQUIRED
L03,Logical & Analytical Reasoning,Analogies,,80,ANALOGY | 2026 CUET/GAT ANALOGY…,Dmfe5nl_jA0,Dear Sir,2:07,7:45,127,465,https://www.youtube.com/watch?v=Dmfe5nl_jA0&t=127s,Concept + examples,CHAPTER_METADATA_ONLY — MANUAL_VERIFY_REQUIRED
L04,Logical & Analytical Reasoning,Direction Sense Test,Q03,80,CUET GAT Preparation 2026 | Complete Reasoning in One Shot | CUET Nichod Series,luiCb-OhzRM,Adda247 CUET,183:30,198:02,11010,11882,https://www.youtube.com/watch?v=luiCb-OhzRM&t=11010s,Direction Sense,CHAPTER_METADATA_ONLY — MANUAL_VERIFY_REQUIRED
L05,Logical & Analytical Reasoning,Blood Relations,,80,CUET GAT Preparation 2026 | Complete Reasoning in One Shot | CUET Nichod Series,luiCb-OhzRM,Adda247 CUET,161:21,183:30,9681,11010,https://www.youtube.com/watch?v=luiCb-OhzRM&t=9681s,Blood Relations,CHAPTER_METADATA_ONLY — MANUAL_VERIFY_REQUIRED
L06,Logical & Analytical Reasoning,Seating Arrangements,L04,75,CUET GAT Preparation 2026 | Complete Reasoning in One Shot | CUET Nichod Series,luiCb-OhzRM,Adda247 CUET,295:05,306:28,17705,18388,https://www.youtube.com/watch?v=luiCb-OhzRM&t=17705s,Seating Arrangement,CHAPTER_METADATA_ONLY — MANUAL_VERIFY_REQUIRED
L07,Logical & Analytical Reasoning,Syllogisms,,80,CUET GAT Preparation 2026 | Complete Reasoning in One Shot | CUET Nichod Series,luiCb-OhzRM,Adda247 CUET,306:28,314:05,18388,18845,https://www.youtube.com/watch?v=luiCb-OhzRM&t=18388s,Syllogism,CHAPTER_METADATA_ONLY — MANUAL_VERIFY_REQUIRED
L08,Logical & Analytical Reasoning,Statement and Conclusion,L07,75,Statement And Conclusion Logical Reasoning For GAT CUET 2026 | Concept + Most Expected 50 MCQs,YhLGv62TPnc,HOA Classroom,0:00,,0,,https://www.youtube.com/watch?v=YhLGv62TPnc&t=0s,Concept + 50 MCQs,VIDEO_MATCHED — MANUAL_TIMESTAMP_VERIFY_REQUIRED
L09,Logical & Analytical Reasoning,Cause and Effect,L08,75,Cause and Effect / Critical Reasoning — CUET GAT preparation,,,,,,,,,NO HIGH-CONFIDENCE CUET VIDEO WITH EXPOSED TIMESTAMP FOUND — DO NOT FABRICATE
L10,Logical & Analytical Reasoning,Visual Reasoning,,80,CUET 2026 Logical Reasoning | Visual Reasoning Part-01 | Career Launcher CUET,JrdhHoxKuFA,Career Launcher CUET,0:00,,0,,https://www.youtube.com/watch?v=JrdhHoxKuFA&t=0s,Visual Reasoning,VIDEO_MATCHED — MANUAL_TIMESTAMP_VERIFY_REQUIRED
L11,Logical & Analytical Reasoning,Data Sufficiency,Q01-Q12,70,CUET GAT Preparation 2026 | Complete Reasoning in One Shot | CUET Nichod Series,luiCb-OhzRM,Adda247 CUET,0:00,,0,,https://www.youtube.com/watch?v=luiCb-OhzRM&t=0s,Data Sufficiency,VIDEO MATCHED — DATA SUFFICIENCY SEGMENT NOT EXPOSED IN CHAPTER METADATA; MANUAL VERIFY
M01,General Mental Ability,Chronological Ordering,,80,CUET GAT 2026 | Reasoning Logical Order of Words in One Shot | Manzil 5.0,Xmg6dVriagE,Adda247 CUET,0:00,,0,,https://www.youtube.com/watch?v=Xmg6dVriagE&t=0s,Chronological / logical ordering,VIDEO_MATCHED — MANUAL_TIMESTAMP_VERIFY_REQUIRED
M02,General Mental Ability,Clock and Calendar Logic,M01,75,CLOCK & CALENDAR | CUET 2026 CLASS 12 | CLOCK AND CALENDAR REASONING,Vet-uwTBVDE,Dear Sir,0:51,26:18,51,1578,https://www.youtube.com/watch?v=Vet-uwTBVDE&t=51s,Calendar logic,CHAPTER_METADATA_ONLY — MANUAL_VERIFY_REQUIRED
M03,General Mental Ability,Clock Angles,"Q03, Q10",75,CLOCK & CALENDAR | CUET 2026 CLASS 12 | CLOCK AND CALENDAR REASONING,Vet-uwTBVDE,Dear Sir,26:18,43:50,1578,2630,https://www.youtube.com/watch?v=Vet-uwTBVDE&t=1578s,Clock angles,CHAPTER_METADATA_ONLY — MANUAL_VERIFY_REQUIRED
